model,observable,class,R2,ci_lo,ci_hi,n
pretrained,count_d0_gt_1sigma,QCD,0.694562,0.665843,0.721197,10000
pretrained,count_d0_gt_2sigma,QCD,0.547062,0.500417,0.576381,10000
pretrained,count_dz_gt_2sigma,QCD,0.480327,0.446710,0.507396,10000
pretrained,multiplicity,QCD,0.956587,0.948824,0.962420,10000
pretrained,jet_mass,QCD,0.874643,0.858547,0.889093,10000
pretrained,width,QCD,0.887500,0.872592,0.899098,10000
pretrained,count_d0_gt_1sigma,Hbb,0.512559,0.476896,0.543400,10000
pretrained,count_d0_gt_2sigma,Hbb,0.504802,0.472620,0.532293,10000
pretrained,count_dz_gt_2sigma,Hbb,0.441013,0.406427,0.470275,10000
pretrained,multiplicity,Hbb,0.897994,0.887125,0.906186,10000
pretrained,jet_mass,Hbb,0.593370,0.543015,0.636189,10000
pretrained,width,Hbb,0.631199,0.597360,0.662109,10000
pretrained,count_d0_gt_1sigma,Hcc,0.488502,0.465712,0.511031,10000
pretrained,count_d0_gt_2sigma,Hcc,0.437169,0.402872,0.469072,10000
pretrained,count_dz_gt_2sigma,Hcc,0.318762,0.288647,0.350479,10000
pretrained,multiplicity,Hcc,0.915122,0.908282,0.921539,10000
pretrained,jet_mass,Hcc,0.517798,0.464669,0.571466,10000
pretrained,width,Hcc,0.646679,0.620404,0.672084,10000
pretrained,count_d0_gt_1sigma,Hgg,0.465913,0.426580,0.497549,10000
pretrained,count_d0_gt_2sigma,Hgg,0.469950,0.428987,0.516962,10000
pretrained,count_dz_gt_2sigma,Hgg,0.413991,0.364791,0.453990,10000
pretrained,multiplicity,Hgg,0.923860,0.918095,0.929434,10000
pretrained,jet_mass,Hgg,0.572153,0.508860,0.629285,10000
pretrained,width,Hgg,0.716401,0.680265,0.737911,10000
pretrained,count_d0_gt_1sigma,H4q,0.377766,0.334015,0.410385,10000
pretrained,count_d0_gt_2sigma,H4q,0.369219,0.339861,0.399617,10000
pretrained,count_dz_gt_2sigma,H4q,0.302593,0.259504,0.332807,10000
pretrained,multiplicity,H4q,0.871905,0.858434,0.882411,10000
pretrained,jet_mass,H4q,0.450094,0.338792,0.530400,10000
pretrained,width,H4q,0.558587,0.522714,0.595111,10000
pretrained,count_d0_gt_1sigma,Hqql,0.479599,0.436671,0.510306,10000
pretrained,count_d0_gt_2sigma,Hqql,0.465144,0.424610,0.501076,10000
pretrained,count_dz_gt_2sigma,Hqql,0.361196,0.318554,0.397847,10000
pretrained,multiplicity,Hqql,0.881592,0.871621,0.890286,10000
pretrained,jet_mass,Hqql,0.695122,0.663446,0.718733,10000
pretrained,width,Hqql,0.705647,0.683209,0.730092,10000
pretrained,count_d0_gt_1sigma,Zqq,0.636385,0.603705,0.658607,10000
pretrained,count_d0_gt_2sigma,Zqq,0.742255,0.719880,0.761359,10000
pretrained,count_dz_gt_2sigma,Zqq,0.686108,0.659378,0.709757,10000
pretrained,multiplicity,Zqq,0.906680,0.897831,0.916391,10000
pretrained,jet_mass,Zqq,0.619676,0.557515,0.666914,10000
pretrained,width,Zqq,0.687517,0.640738,0.716417,10000
pretrained,count_d0_gt_1sigma,Wqq,0.471954,0.447724,0.497878,10000
pretrained,count_d0_gt_2sigma,Wqq,0.422640,0.379361,0.461284,10000
pretrained,count_dz_gt_2sigma,Wqq,0.371101,0.332647,0.426359,10000
pretrained,multiplicity,Wqq,0.910855,0.901327,0.917773,10000
pretrained,jet_mass,Wqq,0.593685,0.530145,0.653855,10000
pretrained,width,Wqq,0.654543,0.607579,0.683999,10000
pretrained,count_d0_gt_1sigma,Tbqq,0.438944,0.409619,0.469346,10000
pretrained,count_d0_gt_2sigma,Tbqq,0.446779,0.415288,0.479734,10000
pretrained,count_dz_gt_2sigma,Tbqq,0.382461,0.352066,0.417368,10000
pretrained,multiplicity,Tbqq,0.865901,0.854446,0.874735,10000
pretrained,jet_mass,Tbqq,0.534672,0.490085,0.575191,10000
pretrained,width,Tbqq,0.608465,0.575338,0.647438,10000
pretrained,count_d0_gt_1sigma,Tbl,0.565229,0.533507,0.591766,10000
pretrained,count_d0_gt_2sigma,Tbl,0.488794,0.459843,0.515925,10000
pretrained,count_dz_gt_2sigma,Tbl,0.469451,0.432910,0.497884,10000
pretrained,multiplicity,Tbl,0.907898,0.898279,0.915063,10000
pretrained,jet_mass,Tbl,0.792726,0.771922,0.810089,10000
pretrained,width,Tbl,0.747803,0.727445,0.766781,10000
full_ft_3M_seed42,count_d0_gt_1sigma,QCD,-0.006294,-0.012672,-0.000697,10000
full_ft_3M_seed42,count_d0_gt_2sigma,QCD,-0.007770,-0.015367,-0.002010,10000
full_ft_3M_seed42,count_dz_gt_2sigma,QCD,-0.010144,-0.017898,-0.002938,10000
full_ft_3M_seed42,multiplicity,QCD,-0.011043,-0.018200,-0.004889,10000
full_ft_3M_seed42,jet_mass,QCD,-0.010561,-0.017305,-0.005235,10000
full_ft_3M_seed42,width,QCD,-0.008087,-0.015575,-0.002543,10000
full_ft_3M_seed42,count_d0_gt_1sigma,Hbb,-0.010169,-0.018389,-0.003700,10000
full_ft_3M_seed42,count_d0_gt_2sigma,Hbb,-0.009266,-0.018336,-0.001873,10000
full_ft_3M_seed42,count_dz_gt_2sigma,Hbb,-0.006230,-0.016857,0.001619,10000
full_ft_3M_seed42,multiplicity,Hbb,-0.008953,-0.015897,-0.004270,10000
full_ft_3M_seed42,jet_mass,Hbb,-0.011608,-0.019247,-0.005937,10000
full_ft_3M_seed42,width,Hbb,-0.009784,-0.019097,-0.003263,10000
full_ft_3M_seed42,count_d0_gt_1sigma,Hcc,-0.007610,-0.015638,-0.001124,10000
full_ft_3M_seed42,count_d0_gt_2sigma,Hcc,-0.007982,-0.014454,-0.002445,10000
full_ft_3M_seed42,count_dz_gt_2sigma,Hcc,-0.007473,-0.015760,-0.000863,10000
full_ft_3M_seed42,multiplicity,Hcc,-0.005545,-0.011844,0.000706,10000
full_ft_3M_seed42,jet_mass,Hcc,-0.008817,-0.016416,-0.002348,10000
full_ft_3M_seed42,width,Hcc,-0.009617,-0.016681,-0.004621,10000
full_ft_3M_seed42,count_d0_gt_1sigma,Hgg,0.001305,-0.006403,0.007687,10000
full_ft_3M_seed42,count_d0_gt_2sigma,Hgg,-0.008591,-0.018128,-0.002637,10000
full_ft_3M_seed42,count_dz_gt_2sigma,Hgg,-0.007937,-0.015363,-0.002336,10000
full_ft_3M_seed42,multiplicity,Hgg,0.001588,-0.008576,0.009007,10000
full_ft_3M_seed42,jet_mass,Hgg,-0.005393,-0.012576,0.001005,10000
full_ft_3M_seed42,width,Hgg,-0.005231,-0.012664,-0.000776,10000
full_ft_3M_seed42,count_d0_gt_1sigma,H4q,-0.008042,-0.014287,-0.001299,10000
full_ft_3M_seed42,count_d0_gt_2sigma,H4q,-0.009138,-0.016390,-0.002528,10000
full_ft_3M_seed42,count_dz_gt_2sigma,H4q,-0.011697,-0.018942,-0.005627,10000
full_ft_3M_seed42,multiplicity,H4q,-0.011792,-0.021701,-0.003157,10000
full_ft_3M_seed42,jet_mass,H4q,-0.010789,-0.022648,-0.003493,10000
full_ft_3M_seed42,width,H4q,-0.010652,-0.017941,-0.003111,10000
full_ft_3M_seed42,count_d0_gt_1sigma,Hqql,-0.014567,-0.024279,-0.007282,10000
full_ft_3M_seed42,count_d0_gt_2sigma,Hqql,-0.008146,-0.016732,-0.002159,10000
full_ft_3M_seed42,count_dz_gt_2sigma,Hqql,-0.004377,-0.010819,0.000864,10000
full_ft_3M_seed42,multiplicity,Hqql,-0.005537,-0.014646,0.001113,10000
full_ft_3M_seed42,jet_mass,Hqql,-0.013000,-0.021501,-0.004661,10000
full_ft_3M_seed42,width,Hqql,-0.009095,-0.017055,-0.001906,10000
full_ft_3M_seed42,count_d0_gt_1sigma,Zqq,-0.008063,-0.014730,-0.001298,10000
full_ft_3M_seed42,count_d0_gt_2sigma,Zqq,-0.007394,-0.013574,-0.001944,10000
full_ft_3M_seed42,count_dz_gt_2sigma,Zqq,-0.004164,-0.010183,0.000581,10000
full_ft_3M_seed42,multiplicity,Zqq,-0.010658,-0.018540,-0.003388,10000
full_ft_3M_seed42,jet_mass,Zqq,-0.002748,-0.008938,0.001330,10000
full_ft_3M_seed42,width,Zqq,-0.002544,-0.008046,0.002585,10000
full_ft_3M_seed42,count_d0_gt_1sigma,Wqq,-0.006405,-0.014633,-0.000258,10000
full_ft_3M_seed42,count_d0_gt_2sigma,Wqq,-0.008204,-0.015540,-0.000954,10000
full_ft_3M_seed42,count_dz_gt_2sigma,Wqq,-0.007186,-0.015112,-0.001253,10000
full_ft_3M_seed42,multiplicity,Wqq,-0.010734,-0.017545,-0.004119,10000
full_ft_3M_seed42,jet_mass,Wqq,-0.014620,-0.024867,-0.006488,10000
full_ft_3M_seed42,width,Wqq,-0.008640,-0.017388,-0.001406,10000
full_ft_3M_seed42,count_d0_gt_1sigma,Tbqq,-0.002072,-0.008524,0.003893,10000
full_ft_3M_seed42,count_d0_gt_2sigma,Tbqq,-0.003478,-0.009384,0.002134,10000
full_ft_3M_seed42,count_dz_gt_2sigma,Tbqq,-0.004571,-0.013669,0.001680,10000
full_ft_3M_seed42,multiplicity,Tbqq,-0.001791,-0.010175,0.007124,10000
full_ft_3M_seed42,jet_mass,Tbqq,-0.004578,-0.012469,0.002161,10000
full_ft_3M_seed42,width,Tbqq,-0.002569,-0.012757,0.005995,10000
full_ft_3M_seed42,count_d0_gt_1sigma,Tbl,0.000461,-0.007430,0.005062,10000
full_ft_3M_seed42,count_d0_gt_2sigma,Tbl,-0.004629,-0.011664,0.000824,10000
full_ft_3M_seed42,count_dz_gt_2sigma,Tbl,-0.006570,-0.013801,-0.000862,10000
full_ft_3M_seed42,multiplicity,Tbl,-0.003278,-0.009668,0.003628,10000
full_ft_3M_seed42,jet_mass,Tbl,-0.003096,-0.008598,0.003328,10000
full_ft_3M_seed42,width,Tbl,-0.005126,-0.012234,0.000126,10000
